text,sentiment
The new education policy fosters innovation and critical thinking among students.,positive
I believe the new education policy will lead to a more inclusive and diverse learningenvironment.,positive
The emphasis on skill development in the new education policy is commendable.,positive
The new education policy promotes holistic development and well-being of students.,positive
I'm excited about the opportunities the new education policy brings for personalized learning.,positive
The focus on practical learning in the new education policy prepares students for real-world challenges.,positive
I appreciate the efforts to modernize the curriculum in the new education policy.,positive
The new education policy encourages lifelong learning and continuous improvement.,positive
The emphasis on digital literacy in the new education policy aligns with the demands of the 21st-century workforce.,positive
The new education policy empowers teachers with professional development opportunities and support.,positive
The new education policy aims to reduce rote learning and promote conceptual understanding.,positive
I'm optimistic about the positive impact the new education policy will have on educational outcomes.,positive
The focus on promoting creativity and innovation in the new education policy is inspiring.,positive
The new education policy prioritizes inclusive education for children with diverse needs.,positive
I believe the new education policy will bridge the gap between theoretical knowledge and practical application.,positive
I'm confident that the new education policy will enhance the quality and relevance of education.,positive
The emphasis on promoting values-based education in the new policy is crucial for character development.,positive
The commitment to continuous evaluation and improvement in the new education policy is commendable.,positive
The new education policy overlooks the needs of students from marginalized communities.,negative
I'm concerned that the new education policy neglects the importance of arts and humanities in education.,negative
The new education policy fails to address the issue of overcrowded classrooms and lack of resources.,negative
"I believe the new education policy places too much emphasis on standardized testing, promoting rote memorization over critical thinking.",negative
"The implementation of the new education policy lacks clarity and guidance, causing confusion among educators and students alike.",negative
The new education policy undermines the autonomy of educational institutions and centralizes decision-making.,negative
I'm disappointed by the lack of consultation with stakeholders in the development of the new education policy.,negative
The new education policy perpetuates inequality by favoring elite institutions and neglecting underprivileged schools.,negative
"The new education policy fails to recognize the diverse learning needs of students, leading to a one-size-fits-all approach.",negative
"I'm concerned that the new education policy prioritizes quantity over quality, leading to a superficial understanding of subjects.",negative
"The new education policy overlooks the mental health and well-being of students, placing undue pressure on academic performance.",negative
"The new education policy lacks provisions for inclusive education, disregarding the needs of children with disabilities.",negative
I'm skeptical about the efficacy of the new education policy in preparing students for the challenges of the modern world.,negative
The new education policy neglects the importance of environmental education and sustainability.,negative
The new education policy perpetuates gender stereotypes and fails to promote gender equality in education.,negative
I'm apprehensive about the emphasis on privatization and commercialization in the new education policy.,negative
The new education policy undermines the role of teachers as facilitators of learning and innovation.,negative
I'm concerned that the new education policy sidelines indigenous knowledge and cultural diversity in the curriculum.,negative
"The new education policy lacks provisions for continuous professional development for teachers, hindering their effectiveness in the classroom.",negative
"I believe the new education policy will exacerbate the digital divide, widening the gap between students with access to technology and those without.",negative
The new education policy introduces several innovative ideas that could potentially reshape the educational landscape.,neutral
There are notable aspects in the new education policy that aim to address longstanding challenges within the education system.,neutral
"The policy outlines a comprehensive framework that encompasses various aspects of education, from curriculum development to teacher training.",neutral
It appears that extensive research and consultation have informed the development of the new education policy.,neutral
The policy demonstrates a commitment to adaptability and responsiveness to the evolving needs of students and educators.,neutral
There is a clear emphasis on promoting inclusivity and accessibility in education through the policy's initiatives.,neutral
The policy encourages collaboration between educational institutions and stakeholders to foster a conducive learning environment.,neutral
It seems the policy aims to strike a balance between traditional educational practices and modern pedagogical approaches.,neutral
"The policy articulates measurable goals and objectives, which could facilitate effective monitoring and evaluation.",neutral
There is potential for the policy to stimulate innovation and experimentation in teaching methodologies and assessment practices.,neutral
The policy acknowledges the importance of leveraging technology to enhance learning experiences and outcomes.,neutral
It recognizes the significance of holistic development by incorporating provisions for extracurricular activities and life skills education.,neutral
The policy emphasizes the need for continuous professional development for educators to enhance their teaching capabilities.,neutral
It underscores the importance of parental and community involvement in supporting students' educational journey.,neutral
The policy outlines mechanisms for promoting transparency and accountability in the education sector.,neutral
It appears that the policy aims to streamline administrative processes to ensure efficient implementation at all levels.,neutral
The policy's focus on promoting multilingualism could contribute to fostering cultural diversity and linguistic inclusivity.,neutral
It highlights the importance of environmental sustainability and civic responsibility in educational practices.,neutral
The policy seems to prioritize the well-being and mental health of students through various support mechanisms.,neutral
"Overall, the new education policy presents a comprehensive framework that reflects a concerted effort to address the evolving needs of the education sector.",neutral
